{"cameraMode":{"drawMode":0,"name":"Shaded","section":"Shading Mode"},"sceneLighting":false,"audioPlay":false,"sceneViewState":{"m_AlwaysRefresh":false,"showFog":true,"showSkybox":false,"showFlares":true,"showImageEffects":true,"showParticleSystems":true,"showVisualEffectGraphs":true,"m_FxEnabled":true},"in2DMode":false,"pivot":{"x":-28.348045349121095,"y":23.037992477416993,"z":-26.337848663330079},"rotation":{"x":0.23076006770133973,"y":0.3668367266654968,"z":-0.09445077925920487,"w":0.896248996257782},"size":3.0850489139556886,"orthographic":true}