{"cameraMode":{"drawMode":0,"name":"Shaded","section":"Shading Mode"},"sceneLighting":false,"audioPlay":false,"sceneViewState":{"m_AlwaysRefresh":false,"showFog":true,"showSkybox":false,"showFlares":true,"showImageEffects":true,"showParticleSystems":true,"showVisualEffectGraphs":true,"m_FxEnabled":true},"in2DMode":false,"pivot":{"x":0.9076249599456787,"y":0.33779898285865786,"z":0.5457754731178284},"rotation":{"x":0.049038514494895938,"y":-0.8789235353469849,"z":0.09262719750404358,"w":0.4653116464614868},"size":2.370227813720703,"orthographic":true}