{"cameraMode":{"drawMode":0,"name":"Shaded","section":"Shading Mode"},"sceneLighting":false,"audioPlay":false,"sceneViewState":{"m_AlwaysRefresh":false,"showFog":true,"showSkybox":false,"showFlares":true,"showImageEffects":true,"showParticleSystems":true,"showVisualEffectGraphs":true,"m_FxEnabled":true},"in2DMode":false,"pivot":{"x":0.1317606270313263,"y":0.1631888449192047,"z":0.14072845876216889},"rotation":{"x":0.20519478619098664,"y":-0.3907158374786377,"z":0.08979429304599762,"w":0.8928462862968445},"size":1.7171714305877686,"orthographic":true}