{"cameraMode":{"drawMode":0,"name":"Shaded","section":"Shading Mode"},"sceneLighting":false,"audioPlay":false,"sceneViewState":{"m_AlwaysRefresh":false,"showFog":true,"showSkybox":false,"showFlares":true,"showImageEffects":true,"showParticleSystems":true,"showVisualEffectGraphs":true,"m_FxEnabled":true},"in2DMode":false,"pivot":{"x":0.16986584663391114,"y":0.5593460202217102,"z":-0.36426979303359988},"rotation":{"x":0.014283540658652783,"y":-0.7137196660041809,"z":0.014560479670763016,"w":0.7001429200172424},"size":1.2452412843704224,"orthographic":true}