{"cameraMode":{"drawMode":0,"name":"Shaded","section":"Shading Mode"},"sceneLighting":true,"audioPlay":false,"sceneViewState":{"m_AlwaysRefresh":false,"showFog":true,"showSkybox":true,"showFlares":true,"showImageEffects":true,"showParticleSystems":true,"showVisualEffectGraphs":true,"m_FxEnabled":true},"in2DMode":false,"pivot":{"x":0.8998605012893677,"y":1.1656854152679444,"z":-3.84262752532959},"rotation":{"x":0.33020317554473879,"y":0.22897876799106599,"z":-0.08290927112102509,"w":0.9119547605514526},"size":4.096065998077393,"orthographic":true}