{"cameraMode":{"drawMode":0,"name":"Shaded","section":"Shading Mode"},"sceneLighting":true,"audioPlay":false,"sceneViewState":{"m_AlwaysRefresh":false,"showFog":true,"showSkybox":true,"showFlares":true,"showImageEffects":true,"showParticleSystems":true,"showVisualEffectGraphs":true,"m_FxEnabled":true},"in2DMode":false,"pivot":{"x":0.7564511299133301,"y":0.22117018699645997,"z":-0.27359437942504885},"rotation":{"x":0.23911765217781068,"y":0.36964380741119387,"z":-0.0990457683801651,"w":0.8923991322517395},"size":2.9699976444244386,"orthographic":true}