{"cameraMode":{"drawMode":0,"name":"Shaded","section":"Shading Mode"},"sceneLighting":false,"audioPlay":false,"sceneViewState":{"m_AlwaysRefresh":false,"showFog":true,"showSkybox":false,"showFlares":true,"showImageEffects":true,"showParticleSystems":true,"showVisualEffectGraphs":true,"m_FxEnabled":true},"in2DMode":false,"pivot":{"x":0.16697072982788087,"y":-0.00015687942504882813,"z":-0.27790284156799319},"rotation":{"x":0.4652729332447052,"y":0.321769654750824,"z":-0.1863764077425003,"w":0.8032757639884949},"size":2.073542833328247,"orthographic":true}