{"cameraMode":{"drawMode":0,"name":"Shaded","section":"Shading Mode"},"sceneLighting":false,"audioPlay":false,"sceneViewState":{"m_AlwaysRefresh":false,"showFog":true,"showSkybox":false,"showFlares":true,"showImageEffects":true,"showParticleSystems":true,"showVisualEffectGraphs":true,"m_FxEnabled":true},"in2DMode":false,"pivot":{"x":0.4741169214248657,"y":-2.1408321857452394,"z":3.754734992980957},"rotation":{"x":0.2457824945449829,"y":-0.023262079805135728,"z":0.005898700561374426,"w":0.9690338969230652},"size":2.7931370735168459,"orthographic":false}