{"cameraMode":{"drawMode":0,"name":"Shaded","section":"Shading Mode"},"sceneLighting":false,"audioPlay":false,"sceneViewState":{"m_AlwaysRefresh":false,"showFog":true,"showSkybox":false,"showFlares":true,"showImageEffects":true,"showParticleSystems":true,"showVisualEffectGraphs":true,"m_FxEnabled":true},"in2DMode":false,"pivot":{"x":0.24381542205810548,"y":0.11441636085510254,"z":-0.12796235084533692},"rotation":{"x":0.27732041478157046,"y":0.3522503972053528,"z":-0.11012305319309235,"w":0.8870675563812256},"size":3.089520215988159,"orthographic":true}