{"cameraMode":{"drawMode":0,"name":"Shaded","section":"Shading Mode"},"sceneLighting":false,"audioPlay":false,"sceneViewState":{"m_AlwaysRefresh":false,"showFog":true,"showSkybox":false,"showFlares":true,"showImageEffects":true,"showParticleSystems":true,"showVisualEffectGraphs":true,"m_FxEnabled":true},"in2DMode":false,"pivot":{"x":-1.3462499380111695,"y":0.30000001192092898,"z":-1.1549999713897706},"rotation":{"x":0.23244059085845948,"y":0.4094020426273346,"z":-0.10869065672159195,"w":0.8755278587341309},"size":1.882860541343689,"orthographic":true}