{"cameraMode":{"drawMode":0,"name":"Shaded","section":"Shading Mode"},"sceneLighting":true,"audioPlay":false,"sceneViewState":{"showFog":true,"showMaterialUpdate":false,"showSkybox":true,"showFlares":true,"showImageEffects":true,"showParticleSystems":true},"in2DMode":false,"pivot":{"x":2.198892116546631,"y":0.7825444936752319,"z":-3.6224563121795656},"rotation":{"x":0.23244059085845948,"y":0.4094020426273346,"z":-0.10869065672159195,"w":0.8755278587341309},"size":3.318455219268799,"orthographic":true}